email,company_name,website,city,state,profession
designdiagonal@gmail.com,"Thalden Emery Arch",https://designdiagonal.ueniweb.com,"St. Louis",Missouri,Architect
wagstaffurbanwerks@gmail.com,"Urban Werks",https://www.urbanwerksarch.com,"St. Louis",Missouri,Architect
tdpstl@msn.com,"TDPSTL LLC",https://www.tdpstl.com,"Saint Louis",Missouri,Architect
asp.hontz@gmail.com,"Architectural Stone Products",https://archstoneproducts.com,Independence,Missouri,Architect
cadstone1@aol.com,"CADSTONE STUDIO",http://cadstonestudio.com,Independence,Missouri,Architect
mailorder@dgmlive.com,"Dgm & Associates",http://dgmlive.com,Kearney,Missouri,Architects
charles80walker@gmail.com,"Westridge Architectural Prods",https://c-walker-scapes.ueniweb.com,"Kansas City",Missouri,Architect
markeishalogan@gmail.com,"Arch Assets",https://www.archassetsfg.com,Florissant,Missouri,Architect
prop.pros@outlook.com,"Architectural Design & Construction",http://www.stlpropertypros.com,"St. Louis",Missouri,Architect
rb.emsarch@gmail.com,"Edward M. Stevens Architects LLC",http://www.emsarchitects.com,"St. Louis",Missouri,Architect
palstlouis@gmail.com,"Arthur Schaupeter Design",https://www.palstlouis.org,"St. Louis",Missouri,Architect
ronaldcox909@gmail.com,"Team Four Inc: Hesterberg Bruce",https://tyrone-and-sons-landscaping.ueniweb.com,"St. Louis",Missouri,Architect
normdailey2016@gmail.com,"Grimm Drew Drafting & Design",http://daileyconstructionmo.com,"Jefferson City",Missouri,Architects
designer.totalplans@gmail.com,"Columbia Associates Architects",http://www.total-plans.com,Columbia,Missouri,Architects
kamessick@gmail.com,"Dan Wessel Design Inc",http://www.omegapatternworks.com,"Kansas City",Missouri,Architect
martincustomhomesllc@gmail.com,"Martin Custom Homes",http://www.martincustomhomes.net,Memphis,Missouri,Architects
wyattslawncaremo@gmail.com,"Thessing-Volner Design",https://www.wyattslawnmaintenance.com,Rolla,Missouri,Architects
distinctivehbr@gmail.com,"Brickhaus Glen",https://distinctive-home-building-and-renovation.business.site,Perryville,Missouri,Architect
affordableinteriordesign1197@gmail.com,"American Institute of Arch",http://affordableinteriordesign.business.site,Springfield,Missouri,Architect
joan.of.arch@hotmail.com,"Hand Architecture",http://www.handarchitect.com,Springfield,Missouri,Architect
ladderjake1@gmail.com,"R & S Landscaping",https://www.wehangchristmaslights.com,Nixa,Missouri,Architect
